Census Tract,Town,Distressed Tract,CLM $ Collected ,% of Total CLM $ Collected ,Incentive Disbursements,% of Total Incentive Disbursements,Residential CLM $ Collected,% of Total Residential CLM $ Collected,Residential Incentive Disbursements,% of Total Residential Incentive Disbursements ,C&I CLM $ Collected,% of Total C&I CLM $ Collected,C&I Incentive Disbursements,% of TotalC&I Incentive Disbursements ,Census Tract,
9009120100,Ansonia,No,$39.53 ,0.000001375,"$1,205.00 ",0.000062413,$0.00 ,0.00%,"$1,205.00 ",0.01%,$39.53 ,0.00%,$0.00 ,0.00%,09009120100,
9009120200,Ansonia,No,$51.15 ,0.000001779,$250.00 ,0.000012949,$49.90 ,0.00%,$250.00 ,0.00%,$1.25 ,0.00%,$0.00 ,0.00%,09009120200,
9009125100,Ansonia,No,"$85,525.12 ",0.00297503,"$32,063.71 ",0.001660739,"$81,809.15 ",0.29%,"$31,413.71 ",0.16%,"$3,715.97 ",0.01%,$650.00 ,0.00%,09009125100,
9009125200,Ansonia,No,"$135,106.51 ",0.004699742,"$8,396.64 ",0.000434904,"$93,532.53 ",0.33%,"$7,811.64 ",0.04%,"$41,573.98 ",0.15%,$585.00 ,0.00%,09009125200,
9009125300,Ansonia,Yes,"$116,270.51 ",0.004044523,"$51,494.41 ",0.002667151,"$80,626.93 ",0.28%,"$23,699.15 ",0.12%,"$35,643.58 ",0.12%,"$27,795.26 ",0.14%,09009125300,
9009125400,Ansonia,No,"$60,825.38 ",0.002115839,"$36,401.40 ",0.001885409,"$56,441.10 ",0.20%,"$36,401.40 ",0.19%,"$4,384.28 ",0.02%,$0.00 ,0.00%,09009125400,
9009130102,Ansonia,No,$142.34 ,0.000004952,$0.00 ,0,$142.34 ,0.00%,$0.00 ,0.00%,$0.00 ,0.00%,$0.00 ,0.00%,09009130102,
9009130200,Ansonia,No,$702.73 ,0.000024445,"$2,509.92 ",0.000130001,$0.00 ,0.00%,$0.00 ,0.00%,$702.73 ,0.00%,"$2,509.92 ",0.01%,09009130200,
9009160100,Ansonia,No,$385.55 ,0.000013412,$140.00 ,0.000007251,$142.36 ,0.00%,$140.00 ,0.00%,$243.19 ,0.00%,$0.00 ,0.00%,09009160100,
9001060200,Bridgeport,No,$7.22 ,0.000000251,"$1,640.00 ",0.000084944,$0.00 ,0.00%,"$1,640.00 ",0.01%,$7.22 ,0.00%,$0.00 ,0.00%,09001060200,
9001061500,Bridgeport,No,$568.72 ,0.000019783,$105.00 ,0.000005438,$0.00 ,0.00%,$105.00 ,0.00%,$568.72 ,0.00%,$0.00 ,0.00%,09001061500,
9001070100,Bridgeport,Yes,"$125,092.12 ",0.004351387,"$20,031.42 ",0.001037527,"$96,518.66 ",0.34%,"$10,738.84 ",0.06%,"$28,573.46 ",0.10%,"$9,292.58 ",0.05%,09001070100,
9001070200,Bridgeport,Yes,"$74,621.75 ",0.002595752,"$15,126.04 ",0.000783453,"$51,021.50 ",0.18%,"$8,443.79 ",0.04%,"$23,600.24 ",0.08%,"$6,682.25 ",0.04%,09001070200,
9001070300,Bridgeport,Yes,"$50,370.90 ",0.001752175,"$188,845.71 ",0.009781256,"$16,800.38 ",0.06%,"$19,544.71 ",0.10%,"$33,570.52 ",0.12%,"$169,301.00 ",0.88%,09001070300,
9001070400,Bridgeport,Yes,"$22,364.81 ",0.00077797,$723.80 ,0.000037489,"$18,036.63 ",0.06%,$723.80 ,0.00%,"$4,328.18 ",0.02%,$0.00 ,0.00%,09001070400,
9001070500,Bridgeport,Yes,"$27,511.70 ",0.000957007,"$4,813.94 ",0.000249338,"$23,359.92 ",0.08%,$0.00 ,0.00%,"$4,151.78 ",0.01%,"$4,813.94 ",0.03%,09001070500,
9001070600,Bridgeport,Yes,"$144,377.86 ",0.00502225,"$5,954.64 ",0.00030842,"$37,868.48 ",0.13%,$288.64 ,0.00%,"$106,509.38 ",0.37%,"$5,666.00 ",0.03%,09001070600,
9001070900,Bridgeport,Yes,"$135,784.56 ",0.004723328,"$230,885.51 ",0.011958706,"$102,289.99 ",0.36%,"$204,547.51 ",1.06%,"$33,494.57 ",0.12%,"$26,338.00 ",0.14%,09001070900,
9001071000,Bridgeport,Yes,"$65,170.85 ",0.002266998,"$5,890.31 ",0.000305088,"$40,466.41 ",0.14%,$811.31 ,0.00%,"$24,704.45 ",0.09%,"$5,079.00 ",0.03%,09001071000,
9001071100,Bridgeport,No,"$66,502.82 ",0.002313331,"$3,478.56 ",0.000180172,"$52,447.31 ",0.18%,"$2,157.16 ",0.01%,"$14,055.52 ",0.05%,"$1,321.40 ",0.01%,09001071100,
9001071200,Bridgeport,Yes,"$69,858.29 ",0.002430053,"$14,467.61 ",0.000749349,"$49,395.85 ",0.17%,"$14,187.61 ",0.07%,"$20,462.44 ",0.07%,$280.00 ,0.00%,09001071200,
9001071300,Bridgeport,Yes,"$43,272.08 ",0.001505239,$448.03 ,0.000023206,"$36,211.04 ",0.13%,$270.03 ,0.00%,"$7,061.04 ",0.03%,$178.00 ,0.00%,09001071300,
9001071400,Bridgeport,No,"$67,024.06 ",0.002331463,"$4,058.59 ",0.000210215,"$38,334.55 ",0.13%,"$1,948.59 ",0.01%,"$28,689.51 ",0.10%,"$2,110.00 ",0.01%,09001071400,
9001071600,Bridgeport,Yes,"$32,339.45 ",0.001124943,$251.77 ,0.00001304,"$26,407.67 ",0.09%,$201.77 ,0.00%,"$5,931.78 ",0.02%,$50.00 ,0.00%,09001071600,
9001071900,Bridgeport,Yes,"$72,081.43 ",0.002507385,"$14,748.33 ",0.000763889,"$50,509.60 ",0.18%,"$13,154.33 ",0.07%,"$21,571.82 ",0.08%,"$1,594.00 ",0.01%,09001071900,
9001072000,Bridgeport,Yes,"$47,036.17 ",0.001636175,"$7,697.65 ",0.000398699,"$41,548.42 ",0.15%,"$7,697.65 ",0.04%,"$5,487.75 ",0.02%,$0.00 ,0.00%,09001072000,
9001072100,Bridgeport,No,"$85,864.63 ",0.002986841,"$16,957.67 ",0.000878322,"$76,096.25 ",0.27%,"$12,547.67 ",0.07%,"$9,768.38 ",0.03%,"$4,410.00 ",0.02%,09001072100,
9001072200,Bridgeport,Yes,"$51,705.77 ",0.001798609,"$12,442.81 ",0.000644475,"$44,235.50 ",0.15%,"$9,133.81 ",0.05%,"$7,470.27 ",0.03%,"$3,309.00 ",0.02%,09001072200,
9001072300,Bridgeport,No,"$78,431.57 ",0.002728278,"$19,907.31 ",0.001031098,"$69,575.84 ",0.24%,"$19,907.31 ",0.10%,"$8,855.72 ",0.03%,$0.00 ,0.00%,09001072300,
9001072400,Bridgeport,No,"$56,484.91 ",0.001964853,"$11,228.72 ",0.000581591,"$43,014.58 ",0.15%,"$10,768.72 ",0.06%,"$13,470.33 ",0.05%,$460.00 ,0.00%,09001072400,
9001072500,Bridgeport,No,"$103,728.36 ",0.003608239,"$33,900.18 ",0.001755859,"$85,807.66 ",0.30%,"$33,310.18 ",0.17%,"$17,920.70 ",0.06%,$590.00 ,0.00%,09001072500,
9001072500,Bridgeport,Yes,$0.00 ,0,"$1,121.04 ",0.000058064,$0.00 ,0.00%,"$1,121.04 ",0.01%,$0.00 ,0.00%,$0.00 ,0.00%,09001072500,
9001072600,Bridgeport,No,"$147,842.57 ",0.005142772,"$45,876.23 ",0.002376158,"$124,904.36 ",0.43%,"$43,188.23 ",0.22%,"$22,938.21 ",0.08%,"$2,688.00 ",0.01%,09001072600,
9001072700,Bridgeport,No,"$83,339.60 ",0.002899006,"$26,765.09 ",0.001386297,"$65,645.52 ",0.23%,"$22,465.09 ",0.12%,"$17,694.08 ",0.06%,"$4,300.00 ",0.02%,09001072700,
9001072800,Bridgeport,No,"$84,223.45 ",0.002929751,"$12,128.66 ",0.000628203,"$74,974.84 ",0.26%,"$12,058.66 ",0.06%,"$9,248.60 ",0.03%,$70.00 ,0.00%,09001072800,
9001072900,Bridgeport,No,"$82,427.79 ",0.002867288,"$47,988.58 ",0.002485567,"$72,276.88 ",0.25%,"$47,908.58 ",0.25%,"$10,150.91 ",0.04%,$80.00 ,0.00%,09001072900,
9001073000,Bridgeport,No,"$43,586.83 ",0.001516188,"$4,229.66 ",0.000219075,"$29,953.81 ",0.10%,"$1,987.66 ",0.01%,"$13,633.02 ",0.05%,"$2,242.00 ",0.01%,09001073000,
9001073100,Bridgeport,Yes,"$102,445.77 ",0.003563623,"$10,901.24 ",0.000564629,"$78,860.89 ",0.27%,"$11,636.24 ",0.06%,"$23,584.88 ",0.08%,($735.00),0.00%,09001073100,
9001073200,Bridgeport,No,"$29,104.19 ",0.001012403,"$48,361.99 ",0.002504907,"$26,291.56 ",0.09%,"$1,115.82 ",0.01%,"$2,812.64 ",0.01%,"$47,246.17 ",0.25%,09001073200,
9001073300,Bridgeport,Yes,"$64,396.80 ",0.002240072,"$10,575.03 ",0.000547733,"$52,974.49 ",0.18%,"$10,575.03 ",0.06%,"$11,422.31 ",0.04%,$0.00 ,0.00%,09001073300,
9001073400,Bridgeport,Yes,"$94,327.58 ",0.003281228,"$32,327.42 ",0.001674397,"$59,292.49 ",0.21%,"$14,789.42 ",0.08%,"$35,035.09 ",0.12%,"$17,538.00 ",0.09%,09001073400,
9001073500,Bridgeport,Yes,"$54,961.01 ",0.001911844,"$1,243.30 ",0.000064397,"$42,167.81 ",0.15%,"$1,118.30 ",0.01%,"$12,793.20 ",0.05%,$125.00 ,0.00%,09001073500,
9001073600,Bridgeport,Yes,"$34,394.14 ",0.001196416,"$9,619.14 ",0.000498223,"$26,093.17 ",0.09%,"$3,328.14 ",0.02%,"$8,300.97 ",0.03%,"$6,291.00 ",0.03%,09001073600,
9001073700,Bridgeport,Yes,"$91,330.52 ",0.003176974,"$4,873.22 ",0.000252408,"$68,866.60 ",0.24%,"$3,363.22 ",0.02%,"$22,463.92 ",0.08%,"$1,510.00 ",0.01%,09001073700,
9001073800,Bridgeport,Yes,"$45,410.08 ",0.00157961,$965.00 ,0.000049982,"$27,228.12 ",0.10%,$175.00 ,0.00%,"$18,181.96 ",0.06%,$790.00 ,0.00%,09001073800,
9001073900,Bridgeport,No,"$55,343.11 ",0.001925135,"$1,580.33 ",0.000081853,"$38,825.15 ",0.14%,"$1,580.33 ",0.01%,"$16,517.96 ",0.06%,$0.00 ,0.00%,09001073900,
9001074000,Bridgeport,Yes,"$50,013.56 ",0.001739745,"$56,369.69 ",0.002919666,"$29,430.35 ",0.10%,"$56,159.69 ",0.29%,"$20,583.22 ",0.07%,$210.00 ,0.00%,09001074000,
9001074300,Bridgeport,Yes,"$101,483.44 ",0.003530148,"$35,009.89 ",0.001813336,"$56,852.04 ",0.20%,"$9,729.89 ",0.05%,"$44,631.40 ",0.16%,"$25,280.00 ",0.13%,09001074300,
9001074400,Bridgeport,Yes,"$94,374.47 ",0.003282859,"$85,911.86 ",0.004449801,"$59,505.53 ",0.21%,"$14,713.86 ",0.08%,"$34,868.94 ",0.12%,"$71,198.00 ",0.37%,09001074400,
9001080100,Bridgeport,No,$176.65 ,0.000006145,$0.00 ,0,$173.04 ,0.00%,$0.00 ,0.00%,$3.61 ,0.00%,$0.00 ,0.00%,09001080100,
9001080500,Bridgeport,No,$1.06 ,0.000000037,$35.00 ,0.000001813,$0.00 ,0.00%,$35.00 ,0.00%,$1.06 ,0.00%,$0.00 ,0.00%,09001080500,
9001081000,Bridgeport,No,$104.81 ,0.000003646,$175.00 ,0.000009064,$87.97 ,0.00%,$175.00 ,0.00%,$16.84 ,0.00%,$0.00 ,0.00%,09001081000,
9001081200,Bridgeport,No,$61.34 ,0.000002134,$35.00 ,0.000001813,$61.34 ,0.00%,$35.00 ,0.00%,$0.00 ,0.00%,$0.00 ,0.00%,09001081200,
9001090200,Bridgeport,No,$50.92 ,0.000001771,$315.00 ,0.000016315,$0.00 ,0.00%,$315.00 ,0.00%,$50.92 ,0.00%,$0.00 ,0.00%,09001090200,
9001090300,Bridgeport,No,$86.68 ,0.000003015,$105.00 ,0.000005438,$86.68 ,0.00%,$105.00 ,0.00%,$0.00 ,0.00%,$0.00 ,0.00%,09001090300,
9001090400,Bridgeport,No,$9.52 ,0.000000331,$210.00 ,0.000010877,$0.00 ,0.00%,$210.00 ,0.00%,$9.52 ,0.00%,$0.00 ,0.00%,09001090400,
9001090500,Bridgeport,No,$54.14 ,0.000001883,$175.00 ,0.000009064,$52.97 ,0.00%,$175.00 ,0.00%,$1.17 ,0.00%,$0.00 ,0.00%,09001090500,
9001257200,Bridgeport,No,"$111,387.71 ",0.003874673,"$31,230.36 ",0.001617575,"$50,841.61 ",0.18%,"$3,756.49 ",0.02%,"$60,546.10 ",0.21%,"$27,473.87 ",0.14%,09001257200,
9009120100,Derby,No,"$155,912.33 ",0.005423482,"$108,985.16 ",0.005644882,"$125,581.78 ",0.44%,"$45,160.16 ",0.23%,"$30,330.55 ",0.11%,"$63,825.00 ",0.33%,09009120100,
9009120200,Derby,No,"$164,161.64 ",0.005710438,"$193,404.01 ",0.010017353,"$105,164.71 ",0.37%,"$12,573.57 ",0.07%,"$58,996.94 ",0.21%,"$180,830.44 ",0.94%,09009120200,
9009125100,Derby,No,$237.54 ,0.000008263,$0.00 ,0,$211.11 ,0.00%,$0.00 ,0.00%,$26.43 ,0.00%,$0.00 ,0.00%,09009125100,
9009157300,Derby,No,"$15,917.40 ",0.000553694,"$2,047.00 ",0.000106024,"$7,527.43 ",0.03%,$135.00 ,0.00%,"$8,389.97 ",0.03%,"$1,912.00 ",0.01%,09009157300,
9009142100,East  Haven,Yes,$0.00 ,0,"$1,367.99 ",0.000070855,$0.00 ,0.00%,"$1,367.99 ",0.01%,$0.00 ,0.00%,$0.00 ,0.00%,09009142100,
9009142601,East  Haven,No,$411.93 ,0.000014329,$285.00 ,0.000014762,$411.93 ,0.00%,$285.00 ,0.00%,$0.00 ,0.00%,$0.00 ,0.00%,09009142601,
9009142603,East  Haven,Yes,$103.87 ,0.000003613,$0.00 ,0,$0.00 ,0.00%,$0.00 ,0.00%,$103.87 ,0.00%,$0.00 ,0.00%,09009142603,
9009142604,East  Haven,No,$531.45 ,0.000018487,"$1,067.22 ",0.000055277,$531.45 ,0.00%,"$1,067.22 ",0.01%,$0.00 ,0.00%,$0.00 ,0.00%,09009142604,
9009142700,East  Haven,No,"$1,146.52 ",0.000039882,"$1,605.00 ",0.000083131,"$1,146.52 ",0.00%,"$1,605.00 ",0.01%,$0.00 ,0.00%,$0.00 ,0.00%,09009142700,
9009142800,East  Haven,No,$355.74 ,0.000012375,$427.43 ,0.000022139,$355.74 ,0.00%,$427.43 ,0.00%,$0.00 ,0.00%,$0.00 ,0.00%,09009142800,
9009155000,East  Haven,No,$180.18 ,0.000006268,$140.00 ,0.000007251,$0.00 ,0.00%,$140.00 ,0.00%,$180.18 ,0.00%,$0.00 ,0.00%,09009155000,
9009155100,East  Haven,Yes,$67.27 ,0.00000234,$35.00 ,0.000001813,$67.27 ,0.00%,$35.00 ,0.00%,$0.00 ,0.00%,$0.00 ,0.00%,09009155100,
9009167300,East  Haven,No,$641.44 ,0.000022313,$840.00 ,0.000043508,$641.44 ,0.00%,$840.00 ,0.00%,$0.00 ,0.00%,$0.00 ,0.00%,09009167300,
9009180100,East  Haven,No,"$153,841.88 ",0.00535146,"$56,692.13 ",0.002936367,"$126,740.60 ",0.44%,"$25,425.13 ",0.13%,"$27,101.27 ",0.09%,"$31,267.00 ",0.16%,09009180100,
9009180200,East  Haven,No,"$145,772.36 ",0.005070759,"$68,523.74 ",0.003549184,"$103,538.80 ",0.36%,"$15,445.14 ",0.08%,"$42,233.57 ",0.15%,"$53,078.60 ",0.28%,09009180200,
9009180300,East  Haven,No,"$64,981.36 ",0.002260406,"$85,632.20 ",0.004435316,"$43,063.85 ",0.15%,"$3,952.95 ",0.02%,"$21,917.51 ",0.08%,"$81,679.25 ",0.42%,09009180300,
9009180400,East  Haven,No,"$59,437.42 ",0.002067558,"$97,567.20 ",0.005053489,"$46,142.21 ",0.16%,"$6,162.20 ",0.03%,"$13,295.21 ",0.05%,"$91,405.00 ",0.47%,09009180400,
9009180500,East  Haven,No,"$105,944.30 ",0.003685321,"$30,946.61 ",0.001602878,"$90,456.43 ",0.32%,"$30,091.61 ",0.16%,"$15,487.88 ",0.05%,$855.00 ,0.00%,09009180500,
9009180601,East  Haven,No,"$69,631.85 ",0.002422176,"$53,516.82 ",0.002771902,"$57,562.60 ",0.20%,"$20,707.82 ",0.11%,"$12,069.25 ",0.04%,"$32,809.00 ",0.17%,09009180601,
9009180602,East  Haven,No,"$82,221.33 ",0.002860107,"$51,424.40 ",0.002663525,"$77,632.44 ",0.27%,"$34,292.40 ",0.18%,"$4,588.89 ",0.02%,"$17,132.00 ",0.09%,09009180602,
9009186100,East  Haven,No,$161.24 ,0.000005609,$624.28 ,0.000032335,$161.24 ,0.00%,$624.28 ,0.00%,$0.00 ,0.00%,$0.00 ,0.00%,09009186100,
9009361500,East  Haven,No,$35.09 ,0.000001221,$70.00 ,0.000003626,$35.09 ,0.00%,$70.00 ,0.00%,$0.00 ,0.00%,$0.00 ,0.00%,09009361500,
9001055100,Easton,No,$423.68 ,0.000014738,$0.00 ,0,$423.68 ,0.00%,$0.00 ,0.00%,$0.00 ,0.00%,$0.00 ,0.00%,09001055100,
9001055200,Easton,No,$761.59 ,0.000026492,$0.00 ,0,$761.59 ,0.00%,$0.00 ,0.00%,$0.00 ,0.00%,$0.00 ,0.00%,09001055200,
9001060300,Easton,No,$177.86 ,0.000006187,"$1,235.00 ",0.000063967,$177.86 ,0.00%,"$1,235.00 ",0.01%,$0.00 ,0.00%,$0.00 ,0.00%,09001060300,
9001105100,Easton,No,"$122,158.25 ",0.004249331,"$53,787.77 ",0.002785935,"$117,444.94 ",0.41%,"$51,722.77 ",0.27%,"$4,713.31 ",0.02%,"$2,065.00 ",0.01%,09001105100,
9001105200,Easton,No,"$112,209.56 ",0.003903261,"$33,644.05 ",0.001742592,"$105,415.73 ",0.37%,"$30,004.05 ",0.16%,"$6,793.83 ",0.02%,"$3,640.00 ",0.02%,09001105200,
9001240200,Easton,No,"$1,623.43 ",0.000056472,$0.00 ,0,"$1,623.43 ",0.01%,$0.00 ,0.00%,$0.00 ,0.00%,$0.00 ,0.00%,09001240200,
9001060100,Fairfield,No,"$75,146.85 ",0.002614018,"$32,141.86 ",0.001664786,"$63,222.96 ",0.22%,"$28,861.86 ",0.15%,"$11,923.89 ",0.04%,"$3,280.00 ",0.02%,09001060100,
9001060200,Fairfield,No,"$110,510.06 ",0.003844143,"$50,477.85 ",0.002614498,"$88,194.79 ",0.31%,"$41,765.85 ",0.22%,"$22,315.28 ",0.08%,"$8,712.00 ",0.05%,09001060200,
9001060300,Fairfield,No,"$109,166.80 ",0.003797417,"$30,024.32 ",0.001555108,"$102,804.83 ",0.36%,"$29,234.32 ",0.15%,"$6,361.96 ",0.02%,$790.00 ,0.00%,09001060300,
9001060400,Fairfield,No,"$191,700.61 ",0.006668394,"$25,154.61 ",0.001302882,"$177,184.84 ",0.62%,"$19,661.31 ",0.10%,"$14,515.77 ",0.05%,"$5,493.30 ",0.03%,09001060400,
9001060500,Fairfield,No,"$88,292.56 ",0.003071297,"$3,468.85 ",0.000179669,"$78,848.92 ",0.27%,"$3,468.85 ",0.02%,"$9,443.64 ",0.03%,$0.00 ,0.00%,09001060500,
9001060600,Fairfield,No,"$117,619.15 ",0.004091436,"$46,714.59 ",0.00241958,"$78,648.51 ",0.27%,"$8,688.59 ",0.05%,"$38,970.64 ",0.14%,"$38,026.00 ",0.20%,09001060600,
9001060700,Fairfield,No,"$127,082.63 ",0.004420627,"$8,018.07 ",0.000415296,"$110,413.50 ",0.38%,"$8,683.30 ",0.05%,"$16,669.13 ",0.06%,($665.23),0.00%,09001060700,
9001060800,Fairfield,No,"$46,985.88 ",0.001634425,"$4,465.29 ",0.00023128,"$44,270.54 ",0.15%,"$4,465.29 ",0.02%,"$2,715.34 ",0.01%,$0.00 ,0.00%,09001060800,
9001060900,Fairfield,No,"$53,824.12 ",0.001872297,"$19,803.72 ",0.001025733,"$53,740.85 ",0.19%,"$19,803.72 ",0.10%,$83.27 ,0.00%,$0.00 ,0.00%,09001060900,
9001061000,Fairfield,No,"$140,615.78 ",0.004891384,"$118,704.64 ",0.006148302,"$81,016.26 ",0.28%,"$30,535.82 ",0.16%,"$59,599.52 ",0.21%,"$88,168.82 ",0.46%,09001061000, 
9001061100,Fairfield,No,"$85,705.46 ",0.002981304,"$18,575.17 ",0.0009621,"$80,179.52 ",0.28%,"$18,375.17 ",0.10%,"$5,525.93 ",0.02%,$200.00 ,0.00%,09001061100,
9001061200,Fairfield,No,"$38,508.71 ",0.001339543,"$4,829.11 ",0.000250124,"$36,662.93 ",0.13%,"$3,829.11 ",0.02%,"$1,845.79 ",0.01%,"$1,000.00 ",0.01%,09001061200,
9001061300,Fairfield,No,"$72,981.55 ",0.002538697,"$16,272.63 ",0.00084284,"$52,919.63 ",0.18%,"$7,314.63 ",0.04%,"$20,061.92 ",0.07%,"$8,958.00 ",0.05%,09001061300,
9001061400,Fairfield,No,"$108,076.11 ",0.003759477,"$13,206.39 ",0.000684024,"$48,670.07 ",0.17%,"$6,831.84 ",0.04%,"$59,406.04 ",0.21%,"$6,374.55 ",0.03%,09001061400,
9001061500,Fairfield,No,"$198,566.75 ",0.006907235,"$13,565.19 ",0.000702608,"$112,903.06 ",0.39%,"$10,235.25 ",0.05%,"$85,663.69 ",0.30%,"$3,329.94 ",0.02%,09001061500,
9001061600,Fairfield,No,"$183,248.92 ",0.006374398,"$16,120.14 ",0.000834942,"$123,018.96 ",0.43%,"$8,867.14 ",0.05%,"$60,229.96 ",0.21%,"$7,253.00 ",0.04%,09001061600,
9001070100,Fairfield,Yes,$8.42 ,0.000000293,$0.00 ,0,$0.00 ,0.00%,$0.00 ,0.00%,$8.42 ,0.00%,$0.00 ,0.00%,09001070100,
9001105100,Fairfield,No,$178.69 ,0.000006216,$0.00 ,0,$178.69 ,0.00%,$0.00 ,0.00%,$0.00 ,0.00%,$0.00 ,0.00%,09001105100,
9009141300,Hamden,Yes,$322.30 ,0.000011211,$70.00 ,0.000003626,$299.47 ,0.00%,$70.00 ,0.00%,$22.83 ,0.00%,$0.00 ,0.00%,09009141300,
9009141500,Hamden,Yes,$34.22 ,0.00000119,$0.00 ,0,$34.22 ,0.00%,$0.00 ,0.00%,$0.00 ,0.00%,$0.00 ,0.00%,09009141500,
9009141800,Hamden,No,$435.18 ,0.000015138,$35.00 ,0.000001813,$429.49 ,0.00%,$35.00 ,0.00%,$5.69 ,0.00%,$0.00 ,0.00%,09009141800,
9009165100,Hamden,No,"$95,979.52 ",0.003338692,"$27,019.70 ",0.001399484,"$68,719.96 ",0.24%,"$11,793.70 ",0.06%,"$27,259.57 ",0.10%,"$15,226.00 ",0.08%,09009165100,
9009165200,Hamden,No,"$61,626.49 ",0.002143706,"$31,130.40 ",0.001612398,"$52,603.11 ",0.18%,"$25,421.40 ",0.13%,"$9,023.38 ",0.03%,"$5,709.00 ",0.03%,09009165200,
9009165300,Hamden,No,"$53,648.89 ",0.001866201,"$12,558.72 ",0.000650478,"$38,217.85 ",0.13%,"$9,893.72 ",0.05%,"$15,431.04 ",0.05%,"$2,665.00 ",0.01%,09009165300,
9009165400,Hamden,No,"$103,436.87 ",0.003598099,"$83,507.84 ",0.004325285,"$83,337.87 ",0.29%,"$69,097.84 ",0.36%,"$20,099.00 ",0.07%,"$14,410.00 ",0.08%,09009165400,
9009165500,Hamden,Yes,"$102,708.74 ",0.003572771,"$41,235.07 ",0.002135769,"$66,478.43 ",0.23%,"$7,399.17 ",0.04%,"$36,230.32 ",0.13%,"$33,835.90 ",0.18%,09009165500,
9009165600,Hamden,No,"$128,816.24 ",0.004480932,"$105,772.03 ",0.005478458,"$85,648.58 ",0.30%,"$24,289.98 ",0.13%,"$43,167.66 ",0.15%,"$81,482.05 ",0.42%,09009165600,
9009165700,Hamden,No,"$67,153.82 ",0.002335977,"$31,247.44 ",0.00161846,"$64,800.26 ",0.23%,"$30,497.44 ",0.16%,"$2,353.56 ",0.01%,$750.00 ,0.00%,09009165700,
9009165801,Hamden,No,"$150,515.08 ",0.005235736,"$23,186.32 ",0.001200935,"$83,548.52 ",0.29%,"$14,630.32 ",0.08%,"$66,966.56 ",0.23%,"$8,556.00 ",0.04%,09009165801,
9009165802,Hamden,No,"$85,192.53 ",0.002963461,"$61,652.60 ",0.003193294,"$78,575.17 ",0.27%,"$58,752.60 ",0.30%,"$6,617.36 ",0.02%,"$2,900.00 ",0.02%,09009165802,
9009165900,Hamden,No,"$201,433.23 ",0.007006947,"$128,200.07 ",0.006640118,"$157,684.25 ",0.55%,"$90,978.07 ",0.47%,"$43,748.98 ",0.15%,"$37,222.00 ",0.19%,09009165900,
9009166001,Hamden,No,"$160,482.77 ",0.005582467,"$88,718.18 ",0.004595155,"$106,242.27 ",0.37%,"$79,266.18 ",0.41%,"$54,240.50 ",0.19%,"$9,452.00 ",0.05%,09009166001,
9009166002,Hamden,No,"$134,251.28 ",0.004669992,"$57,277.99 ",0.002966711,"$95,509.52 ",0.33%,"$40,153.99 ",0.21%,"$38,741.76 ",0.14%,"$17,124.00 ",0.09%,09009166002,
9009167100,Hamden,No,"$1,190.78 ",0.000041422,"$1,620.00 ",0.000083908,"$1,029.02 ",0.00%,"$1,620.00 ",0.01%,$161.76 ,0.00%,$0.00 ,0.00%,09009167100,
9009150100,Milford,No,"$183,939.35 ",0.006398415,"$31,860.36 ",0.001650206,"$95,773.20 ",0.33%,"$12,562.36 ",0.07%,"$88,166.15 ",0.31%,"$19,298.00 ",0.10%,09009150100,
9009150200,Milford,No,"$82,556.00 ",0.002871748,"$25,151.08 ",0.001302699,"$64,672.71 ",0.23%,"$23,117.08 ",0.12%,"$17,883.29 ",0.06%,"$2,034.00 ",0.01%,09009150200,
9009150300,Milford,No,"$126,167.90 ",0.004388808,"$25,062.32 ",0.001298102,"$76,014.88 ",0.26%,"$9,687.14 ",0.05%,"$50,153.02 ",0.17%,"$15,375.18 ",0.08%,09009150300,
9009150400,Milford,No,"$86,156.89 ",0.002997007,"$7,949.18 ",0.000411727,"$78,963.20 ",0.28%,"$6,794.18 ",0.04%,"$7,193.69 ",0.03%,"$1,155.00 ",0.01%,09009150400,
9009150500,Milford,No,"$96,207.55 ",0.003346624,"$26,796.29 ",0.001387913,"$82,375.95 ",0.29%,"$15,554.29 ",0.08%,"$13,831.60 ",0.05%,"$11,242.00 ",0.06%,09009150500,
9009150600,Milford,No,"$183,869.76 ",0.006395994,"$187,001.96 ",0.009685759,"$131,559.20 ",0.46%,"$131,798.35 ",0.68%,"$52,310.56 ",0.18%,"$55,203.61 ",0.29%,09009150600,
9009150700,Milford,No,"$124,829.66 ",0.004342257,"$20,390.64 ",0.001056132,"$100,500.41 ",0.35%,"$17,515.64 ",0.09%,"$24,329.24 ",0.09%,"$2,875.00 ",0.02%,09009150700,
9009150800,Milford,No,"$173,539.23 ",0.006036642,"$39,185.04 ",0.002029588,"$71,235.73 ",0.25%,"$13,399.04 ",0.07%,"$102,303.50 ",0.36%,"$25,786.00 ",0.13%,09009150800,
9009150900,Milford,No,"$128,124.88 ",0.004456883,"$29,715.89 ",0.001539133,"$90,920.63 ",0.32%,"$21,163.89 ",0.11%,"$37,204.25 ",0.13%,"$8,552.00 ",0.04%,09009150900,
9009151000,Milford,No,"$87,578.78 ",0.003046468,"$23,215.06 ",0.001202423,"$84,261.83 ",0.29%,"$22,260.06 ",0.12%,"$3,316.94 ",0.01%,$955.00 ,0.01%,09009151000,
9009151100,Milford,No,"$169,710.46 ",0.005903456,"$46,973.52 ",0.002432992,"$119,895.98 ",0.42%,"$14,595.02 ",0.08%,"$49,814.48 ",0.17%,"$32,378.50 ",0.17%,09009151100,
9009151200,Milford,No,"$106,560.73 ",0.003706764,"$26,344.09 ",0.001364491,"$53,123.69 ",0.19%,"$8,526.09 ",0.04%,"$53,437.04 ",0.19%,"$17,818.00 ",0.09%,09009151200,
9009154700,Milford,No,$4.16 ,0.000000145,$175.00 ,0.000009064,$4.16 ,0.00%,$175.00 ,0.00%,$0.00 ,0.00%,$0.00 ,0.00%,09009154700,
9009157100,Milford,No,$13.63 ,0.000000474,$35.00 ,0.000001813,$13.63 ,0.00%,$35.00 ,0.00%,$0.00 ,0.00%,$0.00 ,0.00%,09009157100,
UNKNOWN,NCP,No,$0.00 ,0,"$1,939,273.00 ",0.10044457,$0.00 ,0.00%,"$1,939,273.00 ",10.04%,$0.00 ,0.00%,$0.00 ,0.00%,0UNKNOWN,
9009140100,New Haven,Yes,"$185,058.73 ",0.006437353,"$17,734.00 ",0.000918532,"$47,218.96 ",0.16%,$70.00 ,0.00%,"$137,839.77 ",0.48%,"$17,664.00 ",0.09%,09009140100,
9009140200,New Haven,Yes,"$63,309.39 ",0.002202246,"$37,984.00 ",0.00196738,"$3,041.04 ",0.01%,$0.00 ,0.00%,"$60,268.35 ",0.21%,"$37,984.00 ",0.20%,09009140200,
9009140300,New Haven,Yes,"$58,799.34 ",0.002045362,"$3,820.88 ",0.000197902,"$30,533.42 ",0.11%,"$1,467.88 ",0.01%,"$28,265.92 ",0.10%,"$2,353.00 ",0.01%,09009140300,
9009140400,New Haven,Yes,"$55,083.58 ",0.001916107,"$65,733.18 ",0.003404648,"$39,217.42 ",0.14%,"$5,236.18 ",0.03%,"$15,866.16 ",0.06%,"$60,497.00 ",0.31%,09009140400,
9009140500,New Haven,Yes,"$59,118.98 ",0.002056481,"$3,325.65 ",0.000172252,"$39,651.44 ",0.14%,$891.65 ,0.01%,"$19,467.53 ",0.07%,"$2,434.00 ",0.01%,09009140500,
9009140600,New Haven,Yes,"$72,151.10 ",0.002509809,"$77,047.81 ",0.003990688,"$51,021.61 ",0.18%,"$61,774.82 ",0.32%,"$21,129.49 ",0.07%,"$15,272.99 ",0.08%,09009140600,
9009140700,New Haven,Yes,"$75,142.12 ",0.002613853,"$9,242.45 ",0.000478712,"$46,375.96 ",0.16%,"$2,029.45 ",0.01%,"$28,766.16 ",0.10%,"$7,213.00 ",0.04%,09009140700,
9009140800,New Haven,Yes,"$71,911.33 ",0.002501469,"$6,149.33 ",0.000318504,"$49,121.21 ",0.17%,"$2,189.33 ",0.01%,"$22,790.12 ",0.08%,"$3,960.00 ",0.02%,09009140800,
9009140900,New Haven,Yes,"$66,631.44 ",0.002317805,"$22,435.44 ",0.001162043,"$54,762.03 ",0.19%,"$7,237.44 ",0.04%,"$11,869.41 ",0.04%,"$15,198.00 ",0.08%,09009140900,
9009141000,New Haven,No,"$67,171.74 ",0.0023366,"$10,366.81 ",0.000536949,"$60,623.56 ",0.21%,"$7,991.81 ",0.04%,"$6,548.18 ",0.02%,"$2,375.00 ",0.01%,09009141000,
9009141100,New Haven,No,"$48,977.63 ",0.001703709,"$35,404.64 ",0.001833782,"$48,699.72 ",0.17%,"$34,634.64 ",0.18%,$277.91 ,0.00%,$770.00 ,0.00%,09009141100,
9009141200,New Haven,No,"$106,302.55 ",0.003697783,"$99,028.75 ",0.00512919,"$65,845.03 ",0.23%,"$20,741.56 ",0.11%,"$40,457.52 ",0.14%,"$78,287.19 ",0.41%,09009141200,
9009141300,New Haven,Yes,"$108,880.84 ",0.00378747,"$76,467.27 ",0.003960619,"$71,389.72 ",0.25%,"$50,004.27 ",0.26%,"$37,491.13 ",0.13%,"$26,463.00 ",0.14%,09009141300,
9009141400,New Haven,No,"$80,027.71 ",0.002783801,"$35,787.18 ",0.001853596,"$67,099.07 ",0.23%,"$15,432.18 ",0.08%,"$12,928.64 ",0.05%,"$20,355.00 ",0.11%,09009141400,
9009141500,New Haven,Yes,"$110,019.23 ",0.003827069,"$11,519.21 ",0.000596637,"$97,346.58 ",0.34%,"$8,103.46 ",0.04%,"$12,672.65 ",0.04%,"$3,415.75 ",0.02%,09009141500,
9009141600,New Haven,Yes,"$98,137.86 ",0.00341377,"$151,209.75 ",0.007831903,"$64,824.45 ",0.23%,"$10,481.00 ",0.05%,"$33,313.41 ",0.12%,"$140,728.75 ",0.73%,09009141600,
9009141800,New Haven,No,"$81,662.02 ",0.002840651,"$175,153.38 ",0.009072063,"$57,442.79 ",0.20%,"$9,811.38 ",0.05%,"$24,219.23 ",0.08%,"$165,342.00 ",0.86%,09009141800,
9009141900,New Haven,No,"$77,922.51 ",0.00271057,"$5,734.91 ",0.000297039,"$62,956.21 ",0.22%,"$3,439.91 ",0.02%,"$14,966.30 ",0.05%,"$2,295.00 ",0.01%,09009141900,
9009142000,New Haven,No,"$101,024.69 ",0.00351419,"$7,377.09 ",0.000382096,"$50,331.83 ",0.18%,"$2,769.09 ",0.01%,"$50,692.86 ",0.18%,"$4,608.00 ",0.02%,09009142000,
9009142100,New Haven,Yes,"$47,491.96 ",0.001652029,"$13,026.24 ",0.000674694,"$22,786.62 ",0.08%,"$1,670.74 ",0.01%,"$24,705.34 ",0.09%,"$11,355.50 ",0.06%,09009142100,
9009142200,New Haven,No,"$56,919.21 ",0.001979961,"$36,761.10 ",0.00190404,"$28,727.20 ",0.10%,"$4,005.10 ",0.02%,"$28,192.01 ",0.10%,"$32,756.00 ",0.17%,09009142200,
9009142300,New Haven,Yes,"$83,431.73 ",0.002902211,"$14,345.16 ",0.000743007,"$53,084.54 ",0.19%,"$1,445.41 ",0.01%,"$30,347.19 ",0.11%,"$12,899.75 ",0.07%,09009142300,
9009142400,New Haven,Yes,"$93,081.07 ",0.003237868,"$21,139.64 ",0.001094927,"$59,342.55 ",0.21%,"$3,388.10 ",0.02%,"$33,738.52 ",0.12%,"$17,751.54 ",0.09%,09009142400,
9009142500,New Haven,Yes,"$89,888.50 ",0.003126813,"$5,806.08 ",0.000300726,"$68,011.52 ",0.24%,"$2,336.08 ",0.01%,"$21,876.98 ",0.08%,"$3,470.00 ",0.02%,09009142500,
9009142601,New Haven,No,"$114,245.44 ",0.00397408,"$49,276.89 ",0.002552295,"$98,732.24 ",0.34%,"$47,686.89 ",0.25%,"$15,513.19 ",0.05%,"$1,590.00 ",0.01%,09009142601,
9009142601,New Haven,Yes,$0.00 ,0,$500.80 ,0.000025939,$0.00 ,0.00%,$500.80 ,0.00%,$0.00 ,0.00%,$0.00 ,0.00%,09009142601,
9009142603,New Haven,Yes,"$60,387.71 ",0.002100614,"$8,756.07 ",0.00045352,"$50,489.48 ",0.18%,"$2,405.07 ",0.01%,"$9,898.23 ",0.03%,"$6,351.00 ",0.03%,09009142603,
9009142604,New Haven,No,"$48,562.61 ",0.001689273,"$10,977.12 ",0.00056856,"$43,032.20 ",0.15%,"$6,526.12 ",0.03%,"$5,530.41 ",0.02%,"$4,451.00 ",0.02%,09009142604,
9009142700,New Haven,No,"$121,207.67 ",0.004216264,"$25,111.31 ",0.001300639,"$89,514.38 ",0.31%,"$12,671.31 ",0.07%,"$31,693.28 ",0.11%,"$12,440.00 ",0.06%,09009142700,
9009142800,New Haven,No,"$94,782.30 ",0.003297046,"$47,371.87 ",0.002453624,"$85,025.03 ",0.30%,"$25,321.87 ",0.13%,"$9,757.27 ",0.03%,"$22,050.00 ",0.11%,09009142800,
9009154100,New Haven,No,$63.65 ,0.000002214,"$1,590.00 ",0.000082354,$63.65 ,0.00%,"$1,590.00 ",0.01%,$0.00 ,0.00%,$0.00 ,0.00%,09009154100,
9009154600,New Haven,No,$147.21 ,0.000005121,$0.00 ,0,$81.25 ,0.00%,$0.00 ,0.00%,$65.96 ,0.00%,$0.00 ,0.00%,09009154600,
9009160200,New Haven,No,$11.74 ,0.000000408,$315.00 ,0.000016315,$0.00 ,0.00%,$315.00 ,0.00%,$11.74 ,0.00%,$0.00 ,0.00%,09009160200,
9009165400,New Haven,No,$163.90 ,0.000005701,$0.00 ,0,$0.00 ,0.00%,$0.00 ,0.00%,$163.90 ,0.00%,$0.00 ,0.00%,09009165400,
9009165500,New Haven,Yes,"$1,095.37 ",0.000038103,$0.00 ,0,$566.05 ,0.00%,$0.00 ,0.00%,$529.31 ,0.00%,$0.00 ,0.00%,09009165500,
9009165600,New Haven,No,$34.06 ,0.000001185,$0.00 ,0,$34.06 ,0.00%,$0.00 ,0.00%,$0.00 ,0.00%,$0.00 ,0.00%,09009165600,
9009165700,New Haven,No,$8.88 ,0.000000309,$0.00 ,0,$0.00 ,0.00%,$0.00 ,0.00%,$8.88 ,0.00%,$0.00 ,0.00%,09009165700,
9009165802,New Haven,No,$222.47 ,0.000007739,"$1,558.64 ",0.00008073,$0.00 ,0.00%,"$1,558.64 ",0.01%,$222.47 ,0.00%,$0.00 ,0.00%,09009165802,
9009166002,New Haven,No,$1.16 ,0.00000004,$0.00 ,0,$0.00 ,0.00%,$0.00 ,0.00%,$1.16 ,0.00%,$0.00 ,0.00%,09009166002,
9009180100,New Haven,No,$252.69 ,0.00000879,$0.00 ,0,$84.17 ,0.00%,$0.00 ,0.00%,$168.52 ,0.00%,$0.00 ,0.00%,09009180100,
9009180200,New Haven,No,"$4,949.58 ",0.000172173,"$3,087.00 ",0.000159891,$356.98 ,0.00%,$0.00 ,0.00%,"$4,592.60 ",0.02%,"$3,087.00 ",0.02%,09009180200,
9009180300,New Haven,No,"$3,567.31 ",0.00012409,$150.00 ,0.000007769,"$1,383.66 ",0.01%,$0.00 ,0.00%,"$2,183.65 ",0.01%,$150.00 ,0.00%,09009180300,
9009180500,New Haven,No,"$6,120.26 ",0.000212896,"$9,312.00 ",0.000482315,$0.00 ,0.00%,$0.00 ,0.00%,"$6,120.26 ",0.02%,"$9,312.00 ",0.05%,09009180500,
9009180601,New Haven,No,"$2,692.72 ",0.000093668,$0.00 ,0,$0.00 ,0.00%,$0.00 ,0.00%,"$2,692.72 ",0.01%,$0.00 ,0.00%,09009180601,
9009361401,New Haven,Yes,"$73,263.04 ",0.002548489,"$31,731.08 ",0.00164351,"$22,201.81 ",0.08%,$0.00 ,0.00%,"$51,061.24 ",0.18%,"$31,731.08 ",0.16%,09009361401,
9009361402,New Haven,Yes,"$30,565.54 ",0.001063236,"$6,583.00 ",0.000340966,"$5,395.74 ",0.02%,$0.00 ,0.00%,"$25,169.80 ",0.09%,"$6,583.00 ",0.03%,09009361402,
9009184700,North Branford,No,"$2,574.59 ",0.000089558,"$1,366.65 ",0.000070786,"$2,528.21 ",0.01%,"$1,366.65 ",0.01%,$46.38 ,0.00%,$0.00 ,0.00%,09009184700,
9009186100,North Branford,No,"$196,823.69 ",0.006846602,"$165,240.18 ",0.008558609,"$149,601.07 ",0.52%,"$55,844.18 ",0.29%,"$47,222.62 ",0.16%,"$109,396.00 ",0.57%,09009186100,
9009186200,North Branford,No,"$13,796.54 ",0.000479919,"$3,915.42 ",0.000202799,"$12,081.56 ",0.04%,"$3,380.42 ",0.02%,"$1,714.98 ",0.01%,$535.00 ,0.00%,09009186200,
9009142601,North Haven,No,$106.31 ,0.000003698,$405.48 ,0.000021002,$106.31 ,0.00%,$405.48 ,0.00%,$0.00 ,0.00%,$0.00 ,0.00%,09009142601,
9009154500,North Haven,Yes,$25.79 ,0.000000897,$70.00 ,0.000003626,$0.00 ,0.00%,$70.00 ,0.00%,$25.79 ,0.00%,$0.00 ,0.00%,09009154500,
9009166002,North Haven,No,$253.64 ,0.000008823,$0.00 ,0,$253.64 ,0.00%,$0.00 ,0.00%,$0.00 ,0.00%,$0.00 ,0.00%,09009166002,
9009167100,North Haven,No,"$263,000.89 ",0.009148606,"$403,921.39 ",0.020921093,"$192,628.98 ",0.67%,"$324,934.57 ",1.68%,"$70,371.91 ",0.25%,"$78,986.82 ",0.41%,09009167100,
9009167201,North Haven,No,"$155,597.47 ",0.005412529,"$78,462.85 ",0.00406398,"$91,332.34 ",0.32%,"$35,497.40 ",0.18%,"$64,265.12 ",0.22%,"$42,965.45 ",0.22%,09009167201,
9009167202,North Haven,No,"$188,024.15 ",0.006540506,"$81,299.16 ",0.004210887,"$95,205.00 ",0.33%,"$42,425.16 ",0.22%,"$92,819.15 ",0.32%,"$38,874.00 ",0.20%,09009167202,
9009167300,North Haven,No,"$216,467.49 ",0.007529921,"$94,333.76 ",0.004886013,"$164,845.44 ",0.57%,"$60,741.09 ",0.32%,"$51,622.05 ",0.18%,"$33,592.67 ",0.17%,09009167300,
9009176000,North Haven,No,$262.08 ,0.000009117,$0.00 ,0,$0.00 ,0.00%,$0.00 ,0.00%,$262.08 ,0.00%,$0.00 ,0.00%,09009176000,
9009180602,North Haven,No,"$1,648.40 ",0.00005734,$0.00 ,0,"$1,648.40 ",0.01%,$0.00 ,0.00%,$0.00 ,0.00%,$0.00 ,0.00%,09009180602,
9009120100,Orange,No,$266.90 ,0.000009284,$0.00 ,0,$257.25 ,0.00%,$0.00 ,0.00%,$9.65 ,0.00%,$0.00 ,0.00%,09009120100,
9009150700,Orange,No,$247.39 ,0.000008606,$0.00 ,0,$247.39 ,0.00%,$0.00 ,0.00%,$0.00 ,0.00%,$0.00 ,0.00%,09009150700,
9009151200,Orange,No,$10.99 ,0.000000382,$0.00 ,0,$0.00 ,0.00%,$0.00 ,0.00%,$10.99 ,0.00%,$0.00 ,0.00%,09009151200,
9009157100,Orange,No,"$191,102.26 ",0.00664758,"$74,346.30 ",0.003850764,"$54,732.65 ",0.19%,"$12,194.08 ",0.06%,"$136,369.61 ",0.47%,"$62,152.22 ",0.32%,09009157100,
9009157200,Orange,No,"$94,317.31 ",0.003280871,"$60,284.43 ",0.00312243,"$79,049.98 ",0.28%,"$58,769.43 ",0.30%,"$15,267.33 ",0.05%,"$1,515.00 ",0.01%,09009157200,
9009157300,Orange,No,"$75,245.26 ",0.002617441,"$26,788.46 ",0.001387507,"$71,746.98 ",0.25%,"$26,788.46 ",0.14%,"$3,498.28 ",0.01%,$0.00 ,0.00%,09009157300,
9009157400,Orange,No,"$115,423.78 ",0.004015069,"$67,298.27 ",0.003485711,"$96,830.36 ",0.34%,"$65,883.27 ",0.34%,"$18,593.41 ",0.07%,"$1,415.00 ",0.01%,09009157400,
UNKNOWN,Orange,No,$0.00 ,0,"$1,045,923.38 ",0.054173561,$0.00 ,0.00%,"$1,045,923.38 ",5.42%,$0.00 ,0.00%,$0.00 ,0.00%,0UNKNOWN,
9001090700,Shelton,No,$357.23 ,0.000012427,$455.00 ,0.000023567,$357.23 ,0.00%,$455.00 ,0.00%,$0.00 ,0.00%,$0.00 ,0.00%,09001090700,
9001100100,Shelton,No,$322.14 ,0.000011206,$0.00 ,0,$322.14 ,0.00%,$0.00 ,0.00%,$0.00 ,0.00%,$0.00 ,0.00%,09001100100,
9001100200,Shelton,No,$661.57 ,0.000023013,$0.00 ,0,$661.57 ,0.00%,$0.00 ,0.00%,$0.00 ,0.00%,$0.00 ,0.00%,09001100200,
9001110100,Shelton,No,"$74,940.96 ",0.002606856,"$30,934.27 ",0.001602239,"$52,040.69 ",0.18%,"($9,422.23)",-0.05%,"$22,900.27 ",0.08%,"$40,356.50 ",0.21%,09001110100,
9001110201,Shelton,No,"$97,402.72 ",0.003388198,"$14,883.72 ",0.000770902,"$90,498.17 ",0.32%,"$13,798.72 ",0.07%,"$6,904.55 ",0.02%,"$1,085.00 ",0.01%,09001110201,
9001110202,Shelton,No,"$158,953.57 ",0.005529273,"$63,908.33 ",0.003310129,"$93,751.36 ",0.33%,"$44,918.33 ",0.23%,"$65,202.22 ",0.23%,"$18,990.00 ",0.10%,09001110202,
9001110301,Shelton,No,"$169,531.89 ",0.005897245,"$107,325.54 ",0.005558922,"$130,725.13 ",0.46%,"$16,509.54 ",0.09%,"$38,806.76 ",0.14%,"$90,816.00 ",0.47%,09001110301,
9001110302,Shelton,No,"$160,008.04 ",0.005565953,"$41,450.42 ",0.002146923,"$68,256.53 ",0.24%,"$7,879.57 ",0.04%,"$91,751.51 ",0.32%,"$33,570.85 ",0.17%,09001110302,
9001110400,Shelton,No,"$116,671.23 ",0.004058462,"$38,097.79 ",0.001973274,"$103,998.60 ",0.36%,"$38,097.79 ",0.20%,"$12,672.63 ",0.04%,$0.00 ,0.00%,09001110400,
9001110500,Shelton,No,"$154,515.48 ",0.005374892,"$37,189.07 ",0.001926206,"$145,953.89 ",0.51%,"$35,789.07 ",0.19%,"$8,561.59 ",0.03%,"$1,400.00 ",0.01%,09001110500,
9001110600,Shelton,No,"$180,429.48 ",0.006276322,"$34,668.11 ",0.001795633,"$168,412.73 ",0.59%,"$24,899.11 ",0.13%,"$12,016.75 ",0.04%,"$9,769.00 ",0.05%,09001110600,
9001073100,Stratford,Yes,$141.19 ,0.000004911,$0.00 ,0,$111.81 ,0.00%,$0.00 ,0.00%,$29.38 ,0.00%,$0.00 ,0.00%,09001073100,
9001073200,Stratford,No,$24.75 ,0.000000861,$0.00 ,0,$24.75 ,0.00%,$0.00 ,0.00%,$0.00 ,0.00%,$0.00 ,0.00%,09001073200,
9001074300,Stratford,Yes,$74.44 ,0.000002589,$0.00 ,0,$74.44 ,0.00%,$0.00 ,0.00%,$0.00 ,0.00%,$0.00 ,0.00%,09001074300,
9001080100,Stratford,No,"$77,556.24 ",0.002697829,"$43,049.80 ",0.002229763,"$62,750.41 ",0.22%,"$33,363.80 ",0.17%,"$14,805.83 ",0.05%,"$9,686.00 ",0.05%,09001080100,
9001080200,Stratford,No,"$81,110.35 ",0.002821461,"$30,683.30 ",0.00158924,"$59,642.53 ",0.21%,"$13,940.30 ",0.07%,"$21,467.82 ",0.08%,"$16,743.00 ",0.09%,09001080200,
9001080400,Stratford,No,"$172,750.33 ",0.006009199,"$145,496.59 ",0.00753599,"$88,468.87 ",0.31%,"$28,217.59 ",0.15%,"$84,281.45 ",0.29%,"$117,279.00 ",0.61%,09001080400,
9001080500,Stratford,No,"$114,475.48 ",0.003982082,"$69,356.51 ",0.003592318,"$74,292.15 ",0.26%,"$9,444.76 ",0.05%,"$40,183.33 ",0.14%,"$59,911.75 ",0.31%,09001080500,
9001080600,Stratford,No,"$66,335.92 ",0.002307525,"$48,844.63 ",0.002529906,"$47,643.44 ",0.17%,"$11,855.82 ",0.06%,"$18,692.48 ",0.07%,"$36,988.81 ",0.19%,09001080600,
9001080700,Stratford,No,"$96,799.38 ",0.003367211,"$23,260.80 ",0.001204792,"$39,906.64 ",0.14%,"$2,123.17 ",0.01%,"$56,892.74 ",0.20%,"$21,137.63 ",0.11%,09001080700,
9001080800,Stratford,No,"$119,105.33 ",0.004143133,"$46,879.01 ",0.002428097,"$90,142.87 ",0.31%,"$27,462.02 ",0.14%,"$28,962.46 ",0.10%,"$19,416.99 ",0.10%,09001080800,
9001080900,Stratford,No,"$101,876.51 ",0.003543821,"$21,531.14 ",0.001115205,"$87,129.94 ",0.30%,"$17,869.14 ",0.09%,"$14,746.57 ",0.05%,"$3,662.00 ",0.02%,09001080900,
9001081000,Stratford,No,"$78,725.21 ",0.002738492,"$22,307.20 ",0.001155401,"$74,235.94 ",0.26%,"$22,307.20 ",0.12%,"$4,489.27 ",0.02%,$0.00 ,0.00%,09001081000,
9001081100,Stratford,No,"$112,095.31 ",0.003899287,"$46,522.47 ",0.00240963,"$91,044.19 ",0.32%,"$26,991.47 ",0.14%,"$21,051.12 ",0.07%,"$19,531.00 ",0.10%,09001081100,
9001081200,Stratford,No,"$147,301.04 ",0.005123934,"$86,116.75 ",0.004460414,"$117,155.21 ",0.41%,"$27,958.75 ",0.15%,"$30,145.83 ",0.11%,"$58,158.00 ",0.30%,09001081200,
9001081300,Stratford,No,"$122,328.27 ",0.004255245,"$18,903.87 ",0.000979125,"$108,892.73 ",0.38%,"$17,998.87 ",0.09%,"$13,435.54 ",0.05%,$905.00 ,0.01%,09001081300,
9001090500,Stratford,No,$185.95 ,0.000006468,$0.00 ,0,$173.15 ,0.00%,$0.00 ,0.00%,$12.80 ,0.00%,$0.00 ,0.00%,09001090500,
9001090700,Stratford,No,$0.00 ,0,$0.00 ,0,$0.00 ,0.00%,$0.00 ,0.00%,$0.00 ,0.00%,$0.00 ,0.00%,09001090700,
9001110302,Stratford,No,$33.96 ,0.000001181,$0.00 ,0,$33.96 ,0.00%,$0.00 ,0.00%,$0.00 ,0.00%,$0.00 ,0.00%,09001110302,
9001072600,Trumbull,No,$45.16 ,0.000001571,$0.00 ,0,$45.16 ,0.00%,$0.00 ,0.00%,$0.00 ,0.00%,$0.00 ,0.00%,09001072600,
9001072700,Trumbull,No,$343.73 ,0.000011957,$0.00 ,0,$343.73 ,0.00%,$0.00 ,0.00%,$0.00 ,0.00%,$0.00 ,0.00%,09001072700,
9001072900,Trumbull,No,$55.30 ,0.000001924,$0.00 ,0,$55.30 ,0.00%,$0.00 ,0.00%,$0.00 ,0.00%,$0.00 ,0.00%,09001072900,
9001073100,Trumbull,Yes,$104.89 ,0.000003649,$0.00 ,0,$104.89 ,0.00%,$0.00 ,0.00%,$0.00 ,0.00%,$0.00 ,0.00%,09001073100,
9001081100,Trumbull,No,$515.47 ,0.000017931,$0.00 ,0,$515.47 ,0.00%,$0.00 ,0.00%,$0.00 ,0.00%,$0.00 ,0.00%,09001081100,
9001081200,Trumbull,No,$82.85 ,0.000002882,$0.00 ,0,$82.85 ,0.00%,$0.00 ,0.00%,$0.00 ,0.00%,$0.00 ,0.00%,09001081200,
9001090100,Trumbull,No,"$89,851.40 ",0.003125522,"$33,922.51 ",0.001757015,"$73,160.08 ",0.25%,"$16,556.51 ",0.09%,"$16,691.32 ",0.06%,"$17,366.00 ",0.09%,09001090100,
9001090200,Trumbull,No,"$178,026.79 ",0.006192743,"$48,895.52 ",0.002532542,"$155,060.72 ",0.54%,"$47,240.52 ",0.25%,"$22,966.07 ",0.08%,"$1,655.00 ",0.01%,09001090200,
9001090300,Trumbull,No,"$146,283.83 ",0.00508855,"$73,843.74 ",0.003824734,"$96,397.45 ",0.34%,"$72,453.74 ",0.38%,"$49,886.38 ",0.17%,"$1,390.00 ",0.01%,09001090300,
9001090400,Trumbull,No,"$167,153.75 ",0.00581452,"$55,301.17 ",0.002864322,"$123,003.77 ",0.43%,"$19,509.17 ",0.10%,"$44,149.98 ",0.15%,"$35,792.00 ",0.19%,09001090400,
9001090500,Trumbull,No,"$122,149.88 ",0.00424904,"$52,551.76 ",0.002721916,"$96,183.81 ",0.34%,"$41,763.76 ",0.22%,"$25,966.07 ",0.09%,"$10,788.00 ",0.06%,09001090500,
9001090600,Trumbull,No,"$84,552.54 ",0.002941199,"$143,242.98 ",0.007419265,"$81,146.46 ",0.28%,"$143,155.98 ",0.74%,"$3,406.08 ",0.01%,$87.00 ,0.00%,09001090600,
9001090700,Trumbull,No,"$148,299.16 ",0.005158654,"$33,489.93 ",0.00173461,"$126,179.61 ",0.44%,"$32,489.93 ",0.17%,"$22,119.55 ",0.08%,"$1,000.00 ",0.01%,09001090700,
9001100100,Trumbull,No,$666.13 ,0.000023172,$320.00 ,0.000016574,$87.98 ,0.00%,$0.00 ,0.00%,$578.15 ,0.00%,$320.00 ,0.00%,09001100100,
9001105100,Trumbull,No,$341.25 ,0.000011871,$0.00 ,0,$341.25 ,0.00%,$0.00 ,0.00%,$0.00 ,0.00%,$0.00 ,0.00%,09001105100,
9001105200,Trumbull,No,$190.10 ,0.000006613,$0.00 ,0,$190.10 ,0.00%,$0.00 ,0.00%,$0.00 ,0.00%,$0.00 ,0.00%,09001105200,
9001110302,Trumbull,No,$200.08 ,0.00000696,$0.00 ,0,$200.08 ,0.00%,$0.00 ,0.00%,$0.00 ,0.00%,$0.00 ,0.00%,09001110302,
9001110400,Trumbull,No,$238.81 ,0.000008307,$0.00 ,0,$238.81 ,0.00%,$0.00 ,0.00%,$0.00 ,0.00%,$0.00 ,0.00%,09001110400,
9001110500,Trumbull,No,$123.50 ,0.000004296,$0.00 ,0,$123.50 ,0.00%,$0.00 ,0.00%,$0.00 ,0.00%,$0.00 ,0.00%,09001110500,
UNKNOWN,Upstream,No,$0.00 ,0,"$508,270.00 ",0.026325825,$0.00 ,0.00%,"$508,270.00 ",2.63%,$0.00 ,0.00%,$0.00 ,0.00%,0UNKNOWN,
9001074300,West Haven,Yes,$12.10 ,0.000000421,$0.00 ,0,$12.10 ,0.00%,$0.00 ,0.00%,$0.00 ,0.00%,$0.00 ,0.00%,09001074300,
9009141100,West Haven,No,$28.79 ,0.000001002,$0.00 ,0,$0.00 ,0.00%,$0.00 ,0.00%,$28.79 ,0.00%,$0.00 ,0.00%,09009141100,
9009141200,West Haven,No,$34.49 ,0.0000012,$0.00 ,0,$34.49 ,0.00%,$0.00 ,0.00%,$0.00 ,0.00%,$0.00 ,0.00%,09009141200,
9009154100,West Haven,No,"$182,175.14 ",0.006337046,"$54,301.00 ",0.002812518,"$135,994.12 ",0.47%,"$30,274.00 ",0.16%,"$46,181.03 ",0.16%,"$24,027.00 ",0.12%,09009154100,
9009154200,West Haven,No,"$147,147.68 ",0.0051186,"$113,436.69 ",0.005875449,"$118,228.24 ",0.41%,"$58,679.92 ",0.30%,"$28,919.44 ",0.10%,"$54,756.77 ",0.28%,09009154200,
9009154500,West Haven,Yes,"$92,036.47 ",0.003201531,"$30,049.15 ",0.001556395,"$65,137.20 ",0.23%,"$5,706.40 ",0.03%,"$26,899.27 ",0.09%,"$24,342.75 ",0.13%,09009154500,
9009154600,West Haven,No,"$117,531.32 ",0.004088381,"$156,382.20 ",0.00809981,"$74,736.70 ",0.26%,"$18,188.20 ",0.09%,"$42,794.63 ",0.15%,"$138,194.00 ",0.72%,09009154600,
9009154700,West Haven,No,"$131,944.02 ",0.004589733,"$58,536.11 ",0.003031876,"$108,902.02 ",0.38%,"$47,228.11 ",0.25%,"$23,042.00 ",0.08%,"$11,308.00 ",0.06%,09009154700,
9009154800,West Haven,No,"$91,053.52 ",0.003167338,"$33,845.77 ",0.00175304,"$86,062.00 ",0.30%,"$32,680.77 ",0.17%,"$4,991.52 ",0.02%,"$1,165.00 ",0.01%,09009154800,
9009154900,West Haven,No,"$76,127.64 ",0.002648135,"$29,055.25 ",0.001504916,"$61,157.41 ",0.21%,"$9,280.75 ",0.05%,"$14,970.23 ",0.05%,"$19,774.50 ",0.10%,09009154900,
9009155000,West Haven,No,"$85,253.52 ",0.002965583,"$20,698.56 ",0.001072081,"$73,775.95 ",0.26%,"$17,973.56 ",0.09%,"$11,477.57 ",0.04%,"$2,725.00 ",0.01%,09009155000,
9009155100,West Haven,Yes,"$65,680.21 ",0.002284716,"$21,924.78 ",0.001135593,"$52,061.87 ",0.18%,"$17,791.78 ",0.09%,"$13,618.34 ",0.05%,"$4,133.00 ",0.02%,09009155100,
9009180100,West Haven,No,$39.40 ,0.000001371,$0.00 ,0,$39.40 ,0.00%,$0.00 ,0.00%,$0.00 ,0.00%,$0.00 ,0.00%,09009180100,
9009361500,West Haven,No,"$136,238.71 ",0.004739126,"$54,947.99 ",0.002846029,"$83,546.56 ",0.29%,"$15,834.99 ",0.08%,"$52,692.14 ",0.18%,"$39,113.00 ",0.20%,09009361500,
9009130101,Woodbridge,No,$78.96 ,0.000002747,$0.00 ,0,$78.96 ,0.00%,$0.00 ,0.00%,$0.00 ,0.00%,$0.00 ,0.00%,09009130101,
9009141200,Woodbridge,No,"$2,359.69 ",0.000082083,$0.00 ,0,$0.00 ,0.00%,$0.00 ,0.00%,"$2,359.69 ",0.01%,$0.00 ,0.00%,09009141200,
9009160100,Woodbridge,No,"$102,845.69 ",0.003577534,"$51,101.45 ",0.002646798,"$97,585.78 ",0.34%,"$44,305.45 ",0.23%,"$5,259.91 ",0.02%,"$6,796.00 ",0.04%,09009160100,
9009160200,Woodbridge,No,"$186,579.75 ",0.006490262,"$115,132.57 ",0.005963287,"$138,483.07 ",0.48%,"$56,918.77 ",0.30%,"$48,096.68 ",0.17%,"$58,213.80 ",0.30%,09009160200,